admin -> admin123
sub-office-admin -> sub123 -> suboffice@pannalaps.com
makandura -> makandura123
yakkwila -> yakkwila123
hamangalla -> hamangalla123
manjulajenat9974@gmail.com -> hod123
yohani@pannalaps.com -> yohani123 -> user 
yohanii725@gmail.com -> Yohani@1574